{
  "0": "minecraft:ocean",
  "1": "minecraft:plains",
  "2": "minecraft:desert",
  "3": "minecraft:mountains",
  "4": "minecraft:forest",
  "5": "minecraft:taiga",
  "6": "minecraft:swamp",
  "7": "minecraft:river",
  "8": "minecraft:nether_wastes",
  "9": "minecraft:the_end",
  "10": "minecraft:frozen_ocean",
  "11": "minecraft:frozen_river",
  "12": "minecraft:snowy_tundra",
  "13": "minecraft:snowy_mountains",
  "14": "minecraft:mushroom_fields",
  "15": "minecraft:mushroom_field_shore",
  "16": "minecraft:beach",
  "17": "minecraft:desert_hills",
  "18": "minecraft:wooded_hills",
  "19": "minecraft:taiga_hills",
  "20": "minecraft:mountain_edge",
  "21": "minecraft:jungle",
  "22": "minecraft:jungle_hills",
  "23": "minecraft:jungle_edge",
  "24": "minecraft:deep_ocean",
  "25": "minecraft:stone_shore",
  "26": "minecraft:snowy_beach",
  "27": "minecraft:birch_forest",
  "28": "minecraft:birch_forest_hills",
  "29": "minecraft:dark_forest",
  "30": "minecraft:snowy_taiga",
  "31": "minecraft:snowy_taiga_hills",
  "32": "minecraft:giant_tree_taiga",
  "33": "minecraft:giant_tree_taiga_hills",
  "34": "minecraft:wooded_mountains",
  "35": "minecraft:savanna",
  "36": "minecraft:savanna_plateau",
  "37": "minecraft:badlands",
  "38": "minecraft:wooded_badlands_plateau",
  "39": "minecraft:badlands_plateau",
  "40": "minecraft:small_end_islands",
  "41": "minecraft:end_midlands",
  "42": "minecraft:end_highlands",
  "43": "minecraft:end_barrens",
  "44": "minecraft:warm_ocean",
  "45": "minecraft:lukewarm_ocean",
  "46": "minecraft:cold_ocean",
  "47": "minecraft:deep_warm_ocean",
  "48": "minecraft:deep_lukewarm_ocean",
  "49": "minecraft:deep_cold_ocean",
  "50": "minecraft:deep_frozen_ocean",
  "51": "betterendforge:megalake",
  "52": "betterendforge:crystal_mountains",
  "53": "betterendforge:foggy_mushroomland",
  "54": "betterendforge:dust_wastelands",
  "55": "betterendforge:chorus_forest",
  "56": "betterendforge:shadow_forest",
  "57": "betterendforge:blossoming_spires",
  "58": "betterendforge:sulphur_springs",
  "59": "betterendforge:amber_land",
  "60": "betterendforge:umbrella_jungle",
  "61": "betterendforge:glowing_grasslands",
  "62": "betterendforge:dragon_graveyards",
  "63": "betterendforge:lantern_woods",
  "64": "betterendforge:dry_shrubland",
  "65": "betterendforge:umbra_valley",
  "66": "betterendforge:ice_starfield",
  "67": "betterendforge:empty_end_cave",
  "68": "betterendforge:empty_smaragdant_cave",
  "69": "betterendforge:lush_smaragdant_cave",
  "70": "betterendforge:empty_aurora_cave",
  "71": "betterendforge:lush_aurora_cave",
  "72": "betterendforge:end_cave",
  "73": "betterendforge:jade_cave",
  "74": "betterendforge:megalake_grove",
  "75": "betterendforge:painted_mountains",
  "76": "betterendforge:neon_oasis",
  "77": "integrateddynamics:meneglin",
  "78": "byg:allium_fields",
  "79": "byg:alps",
  "80": "byg:amaranth_fields",
  "81": "byg:ancient_forest",
  "82": "byg:aspen_forest",
  "83": "byg:autumnal_valley",
  "84": "byg:baobab_savanna",
  "85": "byg:bayou",
  "86": "byg:blue_taiga",
  "87": "byg:bluff_steeps",
  "88": "byg:boreal_forest",
  "89": "byg:cold_swamplands",
  "90": "byg:crag_gardens",
  "91": "byg:cika_woods",
  "92": "byg:cherry_blossom_forest",
  "93": "byg:redwood_tropics",
  "94": "byg:coniferous_forest",
  "95": "byg:cypress_swamplands",
  "96": "byg:dover_mountains",
  "97": "byg:dead_sea",
  "98": "byg:deciduous_forest",
  "99": "byg:dunes",
  "100": "byg:ebony_woods",
  "101": "byg:enchanted_forest",
  "102": "byg:evergreen_taiga",
  "103": "byg:glowshroom_bayou",
  "104": "byg:grassland_plateau",
  "105": "byg:great_lakes",
  "106": "byg:grove",
  "107": "byg:enchanted_grove",
  "108": "byg:guiana_shield",
  "109": "byg:jacaranda_forest",
  "110": "byg:mangrove_marshes",
  "111": "byg:maple_taiga",
  "112": "byg:meadow",
  "113": "byg:mojave_desert",
  "114": "byg:lush_tundra",
  "115": "byg:orchard",
  "116": "byg:prairie",
  "117": "byg:red_desert",
  "118": "byg:red_desert_dunes",
  "119": "byg:red_oak_forest",
  "120": "byg:red_rock_mountains",
  "121": "byg:seasonal_birch_forest",
  "122": "byg:seasonal_deciduous_forest",
  "123": "byg:seasonal_forest",
  "124": "byg:seasonal_taiga",
  "125": "byg:shattered_glacier",
  "126": "byg:shrublands",
  "127": "minecraft:the_void",
  "128": "byg:skyris_highlands",
  "129": "minecraft:sunflower_plains",
  "130": "minecraft:desert_lakes",
  "131": "minecraft:gravelly_mountains",
  "132": "minecraft:flower_forest",
  "133": "minecraft:taiga_mountains",
  "134": "minecraft:swamp_hills",
  "135": "byg:snowy_blue_taiga",
  "136": "byg:snowy_coniferous_forest",
  "137": "byg:snowy_deciduous_forest",
  "138": "byg:snowy_evergreen_taiga",
  "139": "byg:the_black_forest",
  "140": "minecraft:ice_spikes",
  "141": "byg:tropical_fungal_forest",
  "142": "byg:tropical_rainforest",
  "143": "byg:vibrant_swamplands",
  "144": "byg:sierra_valley",
  "145": "byg:weeping_witch_forest",
  "146": "byg:woodlands",
  "147": "byg:zelkova_forest",
  "148": "byg:redwood_clearing",
  "149": "minecraft:modified_jungle",
  "150": "byg:redwood_mountains",
  "151": "minecraft:modified_jungle_edge",
  "152": "byg:coral_mangroves",
  "153": "byg:cika_mountains",
  "154": "byg:glowing_ancient_forest",
  "155": "minecraft:tall_birch_forest",
  "156": "minecraft:tall_birch_hills",
  "157": "minecraft:dark_forest_hills",
  "158": "minecraft:snowy_taiga_mountains",
  "159": "byg:flowering_ancient_forest",
  "160": "minecraft:giant_spruce_taiga",
  "161": "minecraft:giant_spruce_taiga_hills",
  "162": "minecraft:modified_gravelly_mountains",
  "163": "minecraft:shattered_savanna",
  "164": "minecraft:shattered_savanna_plateau",
  "165": "minecraft:eroded_badlands",
  "166": "minecraft:modified_wooded_badlands_plateau",
  "167": "minecraft:modified_badlands_plateau",
  "168": "minecraft:bamboo_jungle",
  "169": "minecraft:bamboo_jungle_hills",
  "170": "minecraft:soul_sand_valley",
  "171": "minecraft:crimson_forest",
  "172": "minecraft:warped_forest",
  "173": "minecraft:basalt_deltas",
  "174": "byg:snowy_evergreen_clearing",
  "175": "byg:snowy_evergreen_hills",
  "176": "byg:enchanted_forest_hills",
  "177": "byg:ebony_hills",
  "178": "byg:evergreen_clearing",
  "179": "byg:evergreen_hills",
  "180": "byg:fungal_patch",
  "181": "byg:weeping_witch_clearing",
  "182": "byg:pumpkin_forest",
  "183": "byg:bamboo_forest",
  "184": "byg:cherry_blossom_clearing",
  "185": "byg:coniferous_clearing",
  "186": "byg:zelkova_clearing",
  "187": "byg:aspen_clearing",
  "188": "byg:boreal_clearing",
  "189": "byg:deciduous_clearing",
  "190": "byg:seasonal_deciduous_clearing",
  "191": "byg:guiana_clearing",
  "192": "byg:jacaranda_clearing",
  "193": "byg:snowy_coniferous_clearing",
  "194": "byg:snowy_deciduous_clearing",
  "195": "byg:maple_hills",
  "196": "byg:black_forest_clearing",
  "197": "byg:black_forest_hills",
  "198": "byg:forest_fault",
  "199": "byg:flowering_grove",
  "200": "byg:flowering_enchanted_grove",
  "201": "byg:northern_forest",
  "202": "byg:lush_red_desert",
  "203": "byg:sierra_range",
  "204": "byg:alpine_foothills",
  "205": "byg:aspen_forest_hills",
  "206": "byg:blue_taiga_hills",
  "207": "byg:blue_giant_taiga",
  "208": "byg:bluff_peaks",
  "209": "byg:boreal_forest_hills",
  "210": "byg:bog",
  "211": "byg:deciduous_forest_hills",
  "212": "byg:coniferous_forest_hills",
  "213": "byg:fresh_water_lake",
  "214": "byg:frozen_lake",
  "215": "byg:great_lake_isles",
  "216": "byg:jacaranda_forest_hills",
  "217": "byg:marshlands",
  "218": "byg:oasis",
  "219": "byg:polluted_lake",
  "220": "byg:prairie_clearing",
  "221": "byg:red_oak_forest_hills",
  "222": "byg:red_rock_lowlands",
  "223": "byg:red_rock_highlands",
  "224": "byg:wooded_red_rock_mountains",
  "225": "byg:seasonal_birch_forest_hills",
  "226": "byg:seasonal_deciduous_forest_hills",
  "227": "byg:seasonal_forest_hills",
  "228": "byg:seasonal_giant_taiga",
  "229": "byg:seasonal_taiga_hills",
  "230": "byg:snowy_blue_giant_taiga",
  "231": "byg:snowy_blue_taiga_hills",
  "232": "byg:snowy_coniferous_forest_hills",
  "233": "byg:snowy_deciduous_forest_hills",
  "234": "byg:tropical_fungal_rainforest_hills",
  "235": "byg:tropical_rainforest_hills",
  "236": "byg:wooded_grassland_plateau",
  "237": "byg:zelkova_forest_hills",
  "238": "byg:flowering_meadow",
  "239": "byg:wooded_meadow",
  "240": "byg:rocky_beach",
  "241": "byg:snowy_rocky_black_beach",
  "242": "byg:snowy_black_beach",
  "243": "byg:white_beach",
  "244": "byg:rainbow_beach",
  "245": "byg:tropical_islands",
  "246": "byg:warped_desert",
  "247": "byg:sythian_torrids",
  "248": "byg:glowstone_gardens",
  "249": "byg:embur_bog",
  "250": "byg:ivis_fields",
  "251": "byg:araucaria_savanna",
  "252": "byg:rose_fields",
  "253": "byg:stone_forest",
  "254": "byg:twilight_valley",
  "255": "byg:basalt_barrera",
  "256": "byg:canyon_edge",
  "257": "byg:araucaria_forest",
  "258": "byg:pointed_stone_forest",
  "259": "byg:twilight_valley_hills",
  "260": "byg:red_spruce_taiga",
  "261": "byg:brimstone_caverns",
  "262": "byg:crimson_gardens",
  "263": "byg:magma_wastes",
  "264": "byg:subzero_hypogeal",
  "265": "byg:wailing_garth",
  "266": "byg:withering_woods",
  "267": "byg:weeping_mire",
  "268": "byg:quartz_desert",
  "269": "byg:nightshade_forest",
  "270": "byg:ethereal_islands",
  "271": "byg:viscal_isles",
  "272": "byg:bulbis_gardens",
  "273": "byg:shattered_desert",
  "274": "byg:shulkren_forest",
  "275": "byg:purpur_peaks",
  "276": "byg:cryptic_wastes",
  "277": "byg:canyons",
  "278": "byg:shattered_viscal_isles",
  "279": "byg:bulbis_gardens_edge",
  "280": "byg:ethereal_forest",
  "281": "byg:ethereal_clearing",
  "282": "byg:shattered_desert_isles",
  "283": "byg:imparius_grove",
  "284": "byg:imparius_clearing",
  "285": "byg:skyris_highlands_clearing",
  "286": "byg:skyris_peaks",
  "287": "byg:skyris_steeps",
  "288": "byg:guiana_springs",
  "289": "byg:dummy",
  "290": "terraforged:bryce",
  "291": "terraforged:cold_steppe",
  "292": "terraforged:cold_marshland",
  "293": "terraforged:fir_forest",
  "294": "terraforged:flower_plains",
  "295": "terraforged:frozen_lake",
  "296": "terraforged:frozen_marsh",
  "297": "terraforged:lake",
  "298": "terraforged:marshland",
  "299": "terraforged:savanna_scrub",
  "300": "terraforged:shattered_savanna_scrub",
  "301": "terraforged:snowy_fir_forest",
  "302": "terraforged:snowy_taiga_scrub",
  "303": "terraforged:steppe",
  "304": "terraforged:stone_forest",
  "305": "terraforged:taiga_scrub",
  "306": "terraforged:warm_beach",
  "307": "twilightforest:forest",
  "308": "twilightforest:dense_forest",
  "309": "twilightforest:firefly_forest",
  "310": "twilightforest:clearing",
  "311": "twilightforest:oak_savannah",
  "312": "twilightforest:stream",
  "313": "twilightforest:lake",
  "314": "twilightforest:mushroom_forest",
  "315": "twilightforest:dense_mushroom_forest",
  "316": "twilightforest:enchanted_forest",
  "317": "twilightforest:spooky_forest",
  "318": "twilightforest:swamp",
  "319": "twilightforest:fire_swamp",
  "320": "twilightforest:dark_forest",
  "321": "twilightforest:dark_forest_center",
  "322": "twilightforest:snowy_forest",
  "323": "twilightforest:glacier",
  "324": "twilightforest:highlands",
  "325": "twilightforest:thornlands",
  "326": "twilightforest:final_plateau",
  "327": "ars_nouveau:archwood_forest",
  "328": "appliedenergistics2:spatial_storage",
  "329": "ars_nouveau:blazing_archwood_forest",
  "330": "mahoutsukai:marble",
  "331": "bloodmagic:none",
  "332": "ftbschools:school_biome"
}