{"stats":{"minecraft:custom":{"minecraft:jump":29,"minecraft:time_since_rest":3866,"minecraft:leave_game":4,"minecraft:play_one_minute":3866,"minecraft:time_since_death":3866,"minecraft:walk_on_water_one_cm":311,"minecraft:walk_one_cm":3402,"minecraft:climb_one_cm":492,"minecraft:fall_one_cm":209},"minecraft:mined":{"minecraft:grass":3,"minecraft:grass_block":7,"minecraft:oak_log":4,"minecraft:vine":1},"minecraft:picked_up":{"minecraft:oak_log":4,"immersiveengineering:seed":1,"minecraft:dirt":7}},"DataVersion":2586}